Alpha_deg,H_flat_mm,H_profile_opt_mm,X_profile_opt_mm,Y_ground_opt_mm,Alpha_inverse_opt
0.0,247.5,247.5,0.0,0.0,7.951386703658792e-16
0.18036072144288579,255.77801629874534,255.77801629874534,0.5953889871528124,0.0,0.18036072144288634
0.36072144288577157,264.05411736824954,264.05411736824954,1.2168332530913006,0.0,0.3607214428857727
0.5410821643286574,272.3282211990266,272.3282211990266,1.864326639803621,0.0,0.5410821643286574
0.7214428857715431,280.60024580138156,280.60024580138156,2.5378627311531474,0.0,0.7214428857715429
0.9018036072144289,288.870109206223,288.870109206223,3.2374348529400345,0.0,0.9018036072144301
1.0821643286573148,297.137729465875,297.137729465875,3.963036072968908,0.0,1.0821643286573157
1.2625250501002006,305.4030246548897,305.4030246548897,4.714659201117137,0.0,1.2625250501002019
1.4428857715430863,313.6659128708585,313.6659128708585,5.492296789405733,0.0,1.4428857715430867
1.623246492985972,321.92631223522426,321.92631223522426,6.295941132073455,0.0,1.6232464929859722
1.8036072144288577,330.1841408940922,330.1841408940922,7.125584265652959,0.0,1.8036072144288586
1.9839679358717437,338.43931701904114,338.43931701904114,7.981217969050147,0.0,1.9839679358717441
2.1643286573146296,346.69175880793443,346.69175880793443,8.862833763625272,0.0,2.1643286573146305
2.3446893787575154,354.94138448573045,354.94138448573045,9.770422913276654,0.0,2.3446893787575167
2.525050100200401,363.188112305293,363.188112305293,10.703976424527914,0.0,2.5250501002004024
2.705410821643287,371.43186054820126,371.43186054820126,11.663485046617215,0.0,2.7054108216432886
2.8857715430861726,379.6725475255596,379.6725475255596,12.648939271587398,0.0,2.8857715430861726
3.0661322645290583,387.9100915788073,387.9100915788073,13.660329334382528,0.0,3.0661322645290596
3.246492985971944,396.1444110805271,396.1444110805271,14.69764521294237,0.0,3.2464929859719462
3.4268537074148298,404.37542443525473,404.37542443525473,15.760876628303883,0.0,3.4268537074148315
3.6072144288577155,412.60305008028706,412.60305008028706,16.850013044700958,0.0,3.6072144288577173
3.7875751503006017,420.8272064864905,420.8272064864905,17.96504366967026,0.0,3.7875751503006025
3.9679358717434874,429.04781215910873,429.04781215910873,19.105957454157615,0.0,3.9679358717434883
4.148296593186373,437.2647856385703,437.2647856385703,20.272743092627998,0.0,4.148296593186374
4.328657314629259,445.4780455012961,445.4780455012961,21.465389023176535,0.0,4.328657314629259
4.509018036072145,453.68751036050566,453.68751036050566,22.683883427644552,0.0,4.509018036072145
4.689378757515031,461.89309886702415,461.89309886702415,23.928214231734714,0.0,4.689378757515032
4.869739478957916,470.09472971008813,470.09472971008813,25.198369105132834,0.0,4.869739478957914
5.050100200400802,478.2923216181516,478.2923216181516,26.494335461628566,0.0,5.050100200400803
5.2304609218436875,486.485793359691,486.485793359691,27.816100459240378,0.0,5.23046092184369
5.410821643286574,494.67506374401023,494.67506374401023,29.16365100034409,0.0,5.410821643286574
5.591182364729459,502.8600516220454,502.8600516220454,30.536973731799876,0.0,5.59118236472946
5.771543086172345,511.04067588716873,511.04067588716873,31.936055045087507,0.0,5.771543086172345
5.951903807615231,519.2168554759925,519.2168554759925,33.360881076439995,0.0,5.951903807615232
6.132264529058117,527.3885093691716,527.3885093691716,34.811437706980534,0.0,6.132264529058117
6.312625250501003,535.5555565922077,535.5555565922077,36.28771056286262,0.0,6.312625250501002
6.492985971943888,543.7179162162504,543.7179162162504,37.78968501541331,0.0,6.492985971943889
6.673346693386774,551.8755073588995,551.8755073588995,39.31734618127739,0.0,6.673346693386776
6.8537074148296595,560.0282491850069,560.0282491850069,40.87067892256471,0.0,6.85370741482966
7.034068136272546,568.1760609074772,568.1760609074772,42.44966784700075,0.0,7.0340681362725475
7.214428857715431,576.3188617880684,576.3188617880684,44.05429730807881,0.0,7.214428857715433
7.394789579158317,584.4565711381916,584.4565711381916,45.68455140521556,0.0,7.394789579158316
7.575150300601203,592.5891083197116,592.5891083197116,47.34041398390788,0.0,7.575150300601203
7.755511022044089,600.7163927457443,600.7163927457443,49.021868635892915,0.0,7.7555110220440895
7.935871743486975,608.8383438814568,608.8383438814568,50.728898699311436,0.0,7.935871743486975
8.11623246492986,616.9548812448645,616.9548812448645,52.46148725887247,0.0,8.11623246492986
8.296593186372746,625.0659244076292,625.0659244076292,54.21961714602121,0.0,8.296593186372746
8.476953907815632,633.1713929958555,633.1713929958555,56.00327093910809,0.0,8.476953907815634
8.657314629258519,641.2712066908877,641.2712066908877,57.81243096356329,0.0,8.65731462925852
8.837675350701403,649.3652852301052,649.3652852301052,59.647079292069854,0.0,8.837675350701403
9.01803607214429,657.4535484077189,657.4535484077189,61.50719774474288,0.0,9.01803607214429
9.198396793587175,665.5359160755647,665.5359160755647,63.39276788930863,0.0,9.198396793587177
9.378757515030061,673.6123081438982,673.6123081438982,65.30377104128804,0.0,9.378757515030061
9.559118236472946,681.6826445821886,681.6826445821886,67.2401882641817,0.0,9.559118236472948
9.739478957915832,689.7468454199114,689.7468454199114,69.20200036965618,0.0,9.739478957915834
9.919839679358718,697.804830747341,697.804830747341,71.18918791773652,0.0,9.919839679358718
10.100200400801604,705.8565207163425,705.8565207163425,73.20173121699693,0.0,10.100200400801604
10.28056112224449,713.9018355411629,713.9018355411629,75.23961032475607,0.0,10.280561122244492
10.460921843687375,721.9406954992216,721.9406954992216,77.30280504727651,0.0,10.460921843687377
10.641282565130261,729.9730209319008,729.9730209319008,79.39129493996228,0.0,10.641282565130261
10.821643286573147,737.9987322453344,737.9987322453344,81.50505930756344,0.0,10.821643286573147
11.002004008016034,746.017749911197,746.017749911197,83.64407720437981,0.0,11.002004008016035
11.182364729458918,754.0299944674915,754.0299944674915,85.80832743446953,0.0,11.18236472945892
11.362725450901804,762.0353865193374,762.0353865193374,87.99778855185879,0.0,11.362725450901804
11.54308617234469,770.0338467397567,770.0338467397567,90.21243886075331,0.0,11.54308617234469
11.723446893787576,778.0252958704601,778.0252958704601,92.45225641575556,0.0,11.723446893787578
11.903807615230463,786.0096547226328,786.0096547226328,94.71721902207997,0.0,11.903807615230464
12.084168336673347,793.9868441777188,793.9868441777188,97.0073042357739,0.0,12.084168336673345
12.264529058116233,801.9567851882052,801.9567851882052,99.32248936394036,0.0,12.264529058116233
12.44488977955912,809.9193987784054,809.9193987784054,101.66275146496179,0.0,12.444889779559123
12.625250501002006,817.8746060452409,817.8746060452409,104.02806734872915,0.0,12.625250501002004
12.80561122244489,825.822328159025,825.822328159025,106.41841357686916,0.0,12.80561122244489
12.985971943887776,833.762486364242,833.762486364242,108.83376646297938,0.0,12.985971943887774
13.166332665330662,841.6950019803289,841.6950019803289,111.2741020728604,0.0,13.166332665330662
13.346693386773548,849.6197964024543,849.6197964024543,113.73939622475521,0.0,13.346693386773548
13.527054108216435,857.5367911022978,857.5367911022978,116.2296244895874,0.0,13.527054108216436
13.707414829659319,865.4459076288276,865.4459076288276,118.74476219120277,0.0,13.707414829659323
13.887775551102205,873.3470676090787,873.3470676090787,121.28478440661632,0.0,13.887775551102207
14.068136272545091,881.2401927489291,881.2401927489291,123.84966596625603,0.0,14.068136272545095
14.248496993987978,889.1252048338749,889.1252048338749,126.43938145421495,0.0,14.248496993987978
14.428857715430862,897.0020257298067,897.0020257298067,129.05390520850122,0.0,14.428857715430862
14.609218436873748,904.8705773837833,904.8705773837833,131.69321132129338,0.0,14.609218436873752
14.789579158316634,912.7307818248039,912.7307818248039,134.35727363919682,0.0,14.789579158316636
14.96993987975952,920.5825611645832,920.5825611645832,137.0460657635028,0.0,14.96993987975952
15.150300601202407,928.4258375983214,928.4258375983214,139.75956105045037,0.0,15.15030060120241
15.330661322645291,936.260533405475,936.260533405475,142.49773261148962,0.0,15.330661322645295
15.511022044088177,944.0865709505285,944.0865709505285,145.26055331354934,0.0,15.511022044088183
15.691382765531063,951.9038726837622,951.9038726837622,148.04799577930467,0.0,15.691382765531063
15.87174348697395,959.7123611420216,959.7123611420216,150.8600323874495,0.0,15.87174348697395
16.052104208416836,967.5119589494846,967.5119589494846,153.69663527296876,0.0,16.052104208416836
16.23246492985972,975.3025888184278,975.3025888184278,156.55777632741632,0.0,16.23246492985972
16.412825651302608,983.0841735499935,983.0841735499935,159.4434271991917,0.0,16.412825651302605
16.593186372745492,990.8566360349538,990.8566360349538,162.35355929382294,0.0,16.593186372745496
16.773547094188377,998.6198992544746,998.6198992544746,165.28814377424794,0.0,16.77354709418838
16.953907815631265,1006.3738862808796,1006.3738862808796,168.24715156110187,0.0,16.953907815631265
17.13426853707415,1014.1185202784114,1014.1185202784114,171.23055333300374,0.0,17.134268537074153
17.314629258517037,1021.8537245039945,1021.8537245039945,174.23831952684924,0.0,17.314629258517037
17.49498997995992,1029.579422307994,1029.579422307994,177.27042033810068,0.0,17.494989979959925
17.675350701402806,1037.2955371349763,1037.2955371349763,180.32682572108538,0.0,17.675350701402806
17.855711422845694,1045.0019925244678,1045.0019925244678,183.40750538929126,0.0,17.855711422845697
18.03607214428858,1052.698712111711,1052.698712111711,186.51242881566753,0.0,18.036072144288575
18.216432865731463,1060.3856196284237,1060.3856196284237,189.6415652329274,0.0,18.216432865731463
18.39679358717435,1068.0626389035526,1068.0626389035526,192.79488363385303,0.0,18.39679358717435
18.577154308617235,1075.7296938640288,1075.7296938640288,195.97235277160274,0.0,18.577154308617235
18.757515030060123,1083.3867085355225,1083.3867085355225,199.17394116002043,0.0,18.757515030060127
18.937875751503007,1091.0336070431938,1091.0336070431938,202.39961707394738,0.0,18.937875751503007
19.118236472945892,1098.670313612447,1098.670313612447,205.64934854953734,0.0,19.118236472945892
19.29859719438878,1106.2967525696802,1106.2967525696802,208.92310338457253,0.0,19.298597194388783
19.478957915831664,1113.912848343034,1113.912848343034,212.2208491387829,0.0,19.478957915831664
19.659318637274552,1121.5185254631438,1121.5185254631438,215.5425531341687,0.0,19.659318637274556
19.839679358717436,1129.113708563883,1129.113708563883,218.88818245532212,0.0,19.83967935871744
20.02004008016032,1136.6983223831135,1136.6983223831135,222.25770394975518,0.0,20.020040080160317
20.20040080160321,1144.2722917634312,1144.2722917634312,225.65108422822826,0.0,20.20040080160321
20.380761523046093,1151.8355416529078,1151.8355416529078,229.0682896650796,0.0,20.38076152304609
20.56112224448898,1159.3879971058382,1159.3879971058382,232.50928639855977,0.0,20.561122244488985
20.741482965931866,1166.9295832834803,1166.9295832834803,235.9740403311668,0.0,20.74148296593187
20.92184368737475,1174.460225454798,1174.460225454798,239.46251712998338,0.0,20.92184368737475
21.102204408817638,1181.9798489972025,1181.9798489972025,242.97468222701914,0.0,21.10220440881764
21.282565130260522,1189.4883793972892,1189.4883793972892,246.51050081955015,0.0,21.282565130260526
21.462925851703407,1196.9857422515786,1196.9857422515786,250.06993787046645,0.0,21.46292585170341
21.643286573146295,1204.4718632672525,1204.4718632672525,253.6529581086185,0.0,21.6432865731463
21.82364729458918,1211.9466682628895,1211.9466682628895,257.259526029165,0.0,21.82364729458918
22.004008016032067,1219.4100831692017,1219.4100831692017,260.8896058939274,0.0,22.004008016032067
22.18436873747495,1226.8620340297673,1226.8620340297673,264.5431617317421,0.0,22.184368737474955
22.364729458917836,1234.3024470017642,1234.3024470017642,268.22015733881796,0.0,22.36472945891784
22.545090180360724,1241.7312483567016,1241.7312483567016,271.9205562790945,0.0,22.545090180360727
22.725450901803608,1249.1483644811499,1249.1483644811499,275.6443218846027,0.0,22.725450901803615
22.905811623246496,1256.553721877471,1256.553721877471,279.3914172558293,0.0,22.905811623246496
23.08617234468938,1263.9472471645463,1263.9472471645463,283.1618052620813,0.0,23.086172344689377
23.266533066132265,1271.3288670785043,1271.3288670785043,286.95544854185505,0.0,23.26653306613226
23.446893787575153,1278.6985084734458,1278.6985084734458,290.772309503206,0.0,23.44689378757515
23.627254509018037,1286.0560983221687,1286.0560983221687,294.6123503241199,0.0,23.627254509018037
23.807615230460925,1293.4015637168927,1293.4015637168927,298.4755329528905,0.0,23.807615230460932
23.98797595190381,1300.7348318699799,1300.7348318699799,302.36181910849314,0.0,23.98797595190381
24.168336673346694,1308.0558301146586,1308.0558301146586,306.2711702809675,0.0,24.168336673346698
24.348697394789582,1315.3644859057415,1315.3644859057415,310.20354773179656,0.0,24.34869739478959
24.529058116232466,1322.6607268203445,1322.6607268203445,314.1589124942919,0.0,24.52905811623247
24.709418837675354,1329.9444805586058,1329.9444805586058,318.13722537397854,0.0,24.709418837675358
24.88977955911824,1337.2156749444007,1337.2156749444007,322.13844694898546,0.0,24.889779559118235
25.070140280561123,1344.474237926058,1344.474237926058,326.16253757043376,0.0,25.070140280561127
25.25050100200401,1351.7200975770736,1351.7200975770736,330.2094573628316,0.0,25.25050100200401
25.430861723446895,1358.9531820968227,1358.9531820968227,334.2791662244681,0.0,25.4308617234469
25.61122244488978,1366.1734198112717,1366.1734198112717,338.3716238278113,0.0,25.61122244488978
25.791583166332668,1373.3807391736898,1373.3807391736898,342.4867896199068,0.0,25.791583166332668
25.971943887775552,1380.5750687653547,1380.5750687653547,346.6246228227813,0.0,25.971943887775552
26.15230460921844,1387.7563372962634,1387.7563372962634,350.78508243384556,0.0,26.152304609218444
26.332665330661325,1394.9244736058372,1394.9244736058372,354.9681272263002,0.0,26.332665330661328
26.51302605210421,1402.0794066636277,1402.0794066636277,359.1737157495461,0.0,26.513026052104216
26.693386773547097,1409.221065570019,1409.221065570019,363.40180632959266,0.0,26.6933867735471
26.87374749498998,1416.3493795569316,1416.3493795569316,367.65235706947317,0.0,26.873747494989978
27.05410821643287,1423.4642779885248,1423.4642779885248,371.92532584965795,0.0,27.054108216432876
27.234468937875754,1430.5656903618928,1430.5656903618928,376.22067032847303,0.0,27.23446893787576
27.414829659318638,1437.6535463077682,1437.6535463077682,380.5383479425196,0.0,27.41482965931864
27.595190380761526,1444.7277755912148,1444.7277755912148,384.87831590709493,0.0,27.595190380761533
27.77555110220441,1451.7883081123273,1451.7883081123273,389.24053121661717,0.0,27.77555110220441
27.9559118236473,1458.8350739069228,1458.8350739069228,393.62495064505146,0.0,27.955911823647302
28.136272545090183,1465.868003147237,1465.868003147237,398.0315307463376,0.0,28.136272545090186
28.316633266533067,1472.8870261426134,1472.8870261426134,402.4602278548213,0.0,28.316633266533064
28.496993987975955,1479.8920733401965,1479.8920733401965,406.9109980856864,0.0,28.49699398797596
28.67735470941884,1486.8830753256182,1486.8830753256182,411.3837973353898,0.0,28.677354709418847
28.857715430861724,1493.8599628236877,1493.8599628236877,415.8785812820988,0.0,28.857715430861738
29.038076152304612,1500.8226666990781,1500.8226666990781,420.39530538613036,0.0,29.038076152304615
29.218436873747496,1507.7711179570101,1507.7711179570101,424.93392489039144,0.0,29.218436873747493
29.398797595190384,1514.7052477439365,1514.7052477439365,429.4943948208239,0.0,29.398797595190395
29.57915831663327,1521.6249873482236,1521.6249873482236,434.0766699868492,0.0,29.57915831663326
29.759519038076153,1528.5302682008344,1528.5302682008344,438.68070498181635,0.0,29.75951903807615
29.93987975951904,1535.4210218760054,1535.4210218760054,443.3064541834526,0.0,29.939879759519055
30.120240480961925,1542.297180091925,1542.297180091925,447.95387175431426,0.0,30.120240480961932
30.300601202404813,1549.1586747114127,1549.1586747114127,452.62291164224246,0.0,30.30060120240482
30.480961923847698,1556.0054377425904,1556.0054377425904,457.3135275808171,0.0,30.480961923847698
30.661322645290582,1562.8374013395598,1562.8374013395598,462.02567308981816,0.0,30.661322645290575
30.84168336673347,1569.6544978030724,1569.6544978030724,466.7593014756847,0.0,30.841683366733466
31.022044088176354,1576.4566595812012,1576.4566595812012,471.51436583197733,0.0,31.022044088176358
31.202404809619242,1583.2438192700088,1583.2438192700088,476.2908190398437,0.0,31.202404809619246
31.382765531062127,1590.015909614218,1590.015909614218,481.0886137684856,0.0,31.382765531062127
31.56312625250501,1596.7728635078759,1596.7728635078759,485.9077024756271,0.0,31.563126252505015
31.7434869739479,1603.5146139950193,1603.5146139950193,490.74803740798654,0.0,31.743486973947906
31.923847695390783,1610.241094270339,1610.241094270339,495.60957060174826,0.0,31.923847695390783
32.10420841683367,1616.9522376798418,1616.9522376798418,500.4922538830404,0.0,32.104208416833686
32.28456913827655,1623.6479777215084,1623.6479777215084,505.3960388684095,0.0,32.28456913827655
32.46492985971944,1630.328248045957,1630.328248045957,510.3208769653026,0.0,32.46492985971944
32.64529058116233,1636.992982457097,1636.992982457097,515.2667193725458,0.0,32.64529058116233
32.825651302605216,1643.642114912786,1643.642114912786,520.2335170808304,0.0,32.82565130260522
33.0060120240481,1650.2755795254843,1650.2755795254843,525.2212208731976,0.0,33.00601202404811
33.186372745490985,1656.8933105629085,1656.8933105629085,530.229781325526,0.0,33.18637274549099
33.36673346693387,1663.4952424486823,1663.4952424486823,535.2591488070213,0.0,33.36673346693388
33.547094188376754,1670.081309762985,1670.081309762985,540.3092734807083,0.0,33.54709418837676
33.72745490981964,1676.6514472432032,1676.6514472432032,545.3801053039256,0.0,33.72745490981965
33.90781563126253,1683.205589784573,1683.205589784573,550.4715940288195,0.0,33.90781563126252
34.08817635270541,1689.7436724408287,1689.7436724408287,555.5836892028436,0.0,34.08817635270542
34.2685370741483,1696.2656304248455,1696.2656304248455,560.7163401692586,0.0,34.268537074148306
34.448897795591186,1702.7713991092794,1702.7713991092794,565.8694960676332,0.0,34.448897795591186
34.629258517034074,1709.2609140272116,1709.2609140272116,571.0431058343491,0.0,34.62925851703409
34.809619238476955,1715.7341108727824,1715.7341108727824,576.2371182031067,0.0,34.80961923847696
34.98997995991984,1722.1909255018334,1722.1909255018334,581.4514817054323,0.0,34.98997995991984
35.17034068136273,1728.6312939325394,1728.6312939325394,586.686144671191,0.0,35.17034068136273
35.35070140280561,1735.0551523460442,1735.0551523460442,591.9410552290934,0.0,35.350701402805626
35.5310621242485,1741.4624370870927,1741.4624370870927,597.2161613072161,0.0,35.5310621242485
35.71142284569139,1747.8530846646613,1747.8530846646613,602.5114106335119,0.0,35.7114228456914
35.89178356713427,1754.2270317525863,1754.2270317525863,607.8267507363312,0.0,35.89178356713427
36.07214428857716,1760.584215190195,1760.584215190195,613.1621289449419,0.0,36.07214428857717
36.252505010020045,1766.924571982926,1766.924571982926,618.5174923900483,0.0,36.25250501002004
36.432865731462925,1773.2480393029582,1773.2480393029582,623.892788004319,0.0,36.432865731462925
36.61322645290581,1779.5545544898314,1779.5545544898314,629.2879625229104,0.0,36.61322645290581
36.7935871743487,1785.8440550510663,1785.8440550510663,634.7029624839947,0.0,36.79358717434871
36.97394789579159,1792.116478662786,1792.116478662786,640.1377342292899,0.0,36.97394789579158
37.15430861723447,1798.3717631703316,1798.3717631703316,645.5922239045917,0.0,37.15430861723448
37.33466933867736,1804.6098465888797,1804.6098465888797,651.0663774603073,0.0,37.334669338677365
37.515030060120246,1810.8306671040546,1810.8306671040546,656.5601406519905,0.0,37.515030060120246
37.69539078156313,1817.0341630725434,1817.0341630725434,662.0734590408792,0.0,37.695390781563134
37.875751503006015,1823.2202730227048,1823.2202730227048,667.6062779944357,0.0,37.87575150300601
38.0561122244489,1829.3889356551786,1829.3889356551786,673.1585426868864,0.0,38.0561122244489
38.236472945891784,1835.5400898434943,1835.5400898434943,678.7301980997671,0.0,38.23647294589179
38.41683366733467,1841.673674634675,1841.673674634675,684.3211890224671,0.0,38.41683366733467
38.59719438877756,1847.7896292498435,1847.7896292498435,689.9314600527752,0.0,38.59719438877756
38.77755511022044,1853.887893084822,1853.887893084822,695.5609555974315,0.0,38.77755511022044
38.95791583166333,1859.9684057107354,1859.9684057107354,701.2096198726762,0.0,38.95791583166333
39.138276553106216,1866.0311068746084,1866.0311068746084,706.8773969048021,0.0,39.13827655310623
39.318637274549104,1872.0759364999622,1872.0759364999622,712.5642305307108,0.0,39.31863727454912
39.498997995991985,1878.1028346874104,1878.1028346874104,718.2700643984674,0.0,39.498997995991985
39.67935871743487,1884.1117417152548,1884.1117417152548,723.9948419678619,0.0,39.67935871743487
39.85971943887776,1890.102598040073,1890.102598040073,729.7385065109654,0.0,39.85971943887777
40.04008016032064,1896.0753442973105,1896.0753442973105,735.5010011126953,0.0,40.04008016032064
40.22044088176353,1902.0299213018704,1902.0299213018704,741.2822686713786,0.0,40.22044088176354
40.40080160320642,1907.9662700486972,1907.9662700486972,747.0822518993167,0.0,40.40080160320641
40.5811623246493,1913.8843317133637,1913.8843317133637,752.9008933233542,0.0,40.58116232464931
40.76152304609219,1919.7840476526517,1919.7840476526517,758.7381352854477,0.0,40.761523046092194
40.941883767535074,1925.6653594051354,1925.6653594051354,764.5939199432385,0.0,40.94188376753508
41.12224448897796,1931.528208691759,1931.528208691759,770.468189270623,0.0,41.12224448897796
41.30260521042084,1937.372537416415,1937.372537416415,776.3608850583311,0.0,41.30260521042085
41.48296593186373,1943.1982876665206,1943.1982876665206,782.2719489145009,0.0,41.48296593186374
41.66332665330662,1949.0054017135894,1949.0054017135894,788.2013222652565,0.0,41.66332665330663
41.8436873747495,1954.7938220138053,1954.7938220138053,794.1489463552917,0.0,41.84368737474952
42.02404809619239,1960.5634912085918,1960.5634912085918,800.1147622484485,0.0,42.02404809619239
42.204408817635276,1966.3143521251818,1966.3143521251818,806.0987108283042,0.0,42.204408817635276
42.38476953907816,1972.0463477771818,1972.0463477771818,812.1007327987545,0.0,42.384769539078164
42.565130260521045,1977.759421365139,1977.759421365139,818.120768684603,0.0,42.56513026052106
42.74549098196393,1983.4535162771015,1983.4535162771015,824.1587588321503,0.0,42.74549098196393
42.92585170340681,1989.1285760891817,1989.1285760891817,830.2146434097838,0.0,42.9258517034068
43.1062124248497,1994.7845445661155,1994.7845445661155,836.2883624085731,0.0,43.1062124248497
43.28657314629259,2000.4213656618172,2000.4213656618172,842.379855642861,0.0,43.286573146292604
43.46693386773548,2006.038983519935,2006.038983519935,848.4890627508632,0.0,43.46693386773547
43.64729458917836,2011.637342474409,2011.637342474409,854.6159231952654,0.0,43.64729458917837
43.827655310621246,2017.2163870500162,2017.2163870500162,860.7603762638224,0.0,43.82765531062124
44.008016032064134,2022.7760619629262,2022.7760619629262,866.9223610699607,0.0,44.00801603206413
44.188376753507015,2028.3163121212442,2028.3163121212442,873.1018165533807,0.0,44.18837675350701
44.3687374749499,2033.8370826255607,2033.8370826255607,879.2986814806636,0.0,44.36873747494991
44.54909819639279,2039.3383187694928,2039.3383187694928,885.5128944458761,0.0,44.5490981963928
44.72945891783567,2044.8199660402272,2044.8199660402272,891.7443938711796,0.0,44.72945891783568
44.90981963927856,2050.281970119062,2050.281970119062,897.9931180074425,0.0,44.90981963927857
45.09018036072145,2055.7242768819415,2055.7242768819415,904.2590049348481,0.0,45.09018036072145
45.270541082164335,2061.146832399996,2061.146832399996,910.541992563511,0.0,45.270541082164335
45.450901803607216,2066.5495829400743,2066.5495829400743,916.8420186340918,0.0,45.450901803607216
45.631262525050104,2071.9324749652765,2071.9324749652765,923.1590207184141,0.0,45.631262525050104
45.81162324649299,2077.2954551354846,2077.2954551354846,929.4929362200825,0.0,45.811623246493006
45.99198396793587,2082.63847030789,2082.63847030789,935.843702375103,0.0,45.99198396793589
46.17234468937876,2087.9614675375233,2087.9614675375233,942.2112562525066,0.0,46.17234468937876
46.35270541082165,2093.2643940777753,2093.2643940777753,948.5955347549698,0.0,46.35270541082166
46.53306613226453,2098.547197380921,2098.547197380921,954.9964746194416,0.0,46.533066132264544
46.71342685370742,2103.8098250986404,2103.8098250986404,961.4140124177723,0.0,46.71342685370742
46.893787575150306,2109.052225082539,2109.052225082539,967.8480845573382,0.0,46.89378757515031
47.07414829659319,2114.27434538466,2114.27434538466,974.2986272816743,0.0,47.07414829659317
47.254509018036075,2119.4761342580055,2119.4761342580055,980.7655766711055,0.0,47.254509018036075
47.43486973947896,2124.6575401570417,2124.6575401570417,987.2488686433788,0.0,47.434869739478955
47.61523046092185,2129.8185117382163,2129.8185117382163,993.7484389543015,0.0,47.61523046092184
47.79559118236473,2134.958997860464,2134.958997860464,1000.2642231983731,0.0,47.79559118236474
47.97595190380762,2140.078947585713,2140.078947585713,1006.7961568094288,0.0,47.975951903807626
48.15631262525051,2145.178310179392,2145.178310179392,1013.3441750612744,0.0,48.15631262525051
48.33667334669339,2150.2570351109307,2150.2570351109307,1019.908213068331,0.0,48.33667334669338
48.517034068136276,2155.3150720542617,2155.3150720542617,1026.4882057862765,0.0,48.51703406813627
48.697394789579164,2160.3523708883185,2160.3523708883185,1033.0840880126907,0.0,48.697394789579164
48.877755511022045,2165.368881697533,2165.368881697533,1039.6957943877007,0.0,48.87775551102205
49.05811623246493,2170.36455477233,2170.36455477233,1046.3232593946302,0.0,49.05811623246494
49.23847695390782,2175.3393406096175,2175.3393406096175,1052.9664173606457,0.0,49.238476953907835
49.41883767535071,2180.2931899132814,2180.2931899132814,1059.6252024574112,0.0,49.418837675350694
49.59919839679359,2185.226053594671,2185.226053594671,1066.2995487017363,0.0,49.599198396793604
49.77955911823648,2190.137882773086,2190.137882773086,1072.9893899562346,0.0,49.77955911823646
49.959919839679365,2195.028628776262,2195.028628776262,1079.694659929975,0.0,49.95991983967938
50.140280561122246,2199.8982431408494,2199.8982431408494,1086.4152921791397,0.0,50.14028056112226
50.320641282565134,2204.746677612899,2204.746677612899,1093.1512201076855,0.0,50.32064128256515
50.50100200400802,2209.5738841483353,2209.5738841483353,1099.9023769679986,0.0,50.50100200400803
50.6813627254509,2214.3798149134354,2214.3798149134354,1106.6686958615608,0.0,50.68136272545089
50.86172344689379,2219.164422285303,2219.164422285303,1113.4501097396096,0.0,50.861723446893805
51.04208416833668,2223.927658852336,2223.927658852336,1120.2465514038033,0.0,51.042084168336686
51.22244488977956,2228.6694774147045,2228.6694774147045,1127.0579535068873,0.0,51.22244488977956
51.40280561122245,2233.38983098481,2233.38983098481,1133.8842485533607,0.0,51.402805611222455
51.583166332665336,2238.088672787757,2238.088672787757,1140.725368900146,0.0,51.58316633266534
51.76352705410822,2242.7659562618123,2242.7659562618123,1147.5812467572582,0.0,51.76352705410822
51.943887775551104,2247.42163505887,2247.42163505887,1154.451814188478,0.0,51.9438877755511
52.12424849699399,2252.0556630449087,2252.0556630449087,1161.3370031120246,0.0,52.12424849699399
52.30460921843688,2256.667994300449,2256.667994300449,1168.236745301229,0.0,52.304609218436894
52.48496993987976,2261.258583121008,2261.258583121008,1175.1509723852112,0.0,52.48496993987977
52.66533066132265,2265.8273840175534,2265.8273840175534,1182.0796158495584,0.0,52.665330661322635
52.84569138276554,2270.3743517169546,2270.3743517169546,1189.0226070370022,0.0,52.84569138276554
53.02605210420842,2274.8994411624276,2274.8994411624276,1195.9798771481005,0.0,53.02605210420842
53.206412825651306,2279.4026075139873,2279.4026075139873,1202.9513572419182,0.0,53.206412825651306
53.386773547094194,2283.8838061488873,2283.8838061488873,1209.936978236711,0.0,53.38677354709421
53.56713426853708,2288.342992662063,2288.342992662063,1216.9366709106093,0.0,53.56713426853709
53.74749498997996,2292.7801228665735,2292.7801228665735,1223.9503659023048,0.0,53.74749498997998
53.92785571142285,2297.1951527940373,2297.1951527940373,1230.9779937117378,0.0,53.92785571142285
54.10821643286574,2301.588038695069,2301.588038695069,1238.0194847007851,0.0,54.10821643286573
54.28857715430862,2305.9587370397135,2305.9587370397135,1245.0747690939504,0.0,54.28857715430865
54.46893787575151,2310.307204517874,2310.307204517874,1252.1437769790564,0.0,54.46893787575152
54.649298597194395,2314.633398039747,2314.633398039747,1259.2264383079373,0.0,54.64929859719442
54.829659318637276,2318.9372747362427,2318.9372747362427,1266.3226828971317,0.0,54.82965931863727
55.010020040080164,2323.218791959416,2323.218791959416,1273.43244042858,0.0,55.01002004008017
55.19038076152305,2327.477907282884,2327.477907282884,1280.5556404503202,0.0,55.19038076152306
55.37074148296593,2331.7145785022494,2331.7145785022494,1287.692212377185,0.0,55.370741482965926
55.55110220440882,2335.9287636355184,2335.9287636355184,1294.8420854915032,0.0,55.55110220440883
55.73146292585171,2340.120420923515,2340.120420923515,1302.0051889438005,0.0,55.731462925851744
55.9118236472946,2344.289508830296,2344.289508830296,1309.1814517534979,0.0,55.911823647294625
56.09218436873748,2348.4359860435634,2348.4359860435634,1316.3708028096203,0.0,56.092184368737485
56.272545090180365,2352.5598114750724,2352.5598114750724,1323.5731708714975,0.0,56.27254509018034
56.45290581162325,2356.660944261041,2356.660944261041,1330.7884845694718,0.0,56.45290581162328
56.633266533066134,2360.7393437625487,2360.7393437625487,1338.0166724056041,0.0,56.633266533066134
56.81362725450902,2364.7949695659486,2364.7949695659486,1345.2576627543835,0.0,56.813627254509036
56.99398797595191,2368.8277814832586,2368.8277814832586,1352.511383863437,0.0,56.993987975951924
57.17434869739479,2372.8377395525654,2372.8377395525654,1359.7777638542375,0.0,57.17434869739479
57.35470941883768,2376.8248040384206,2376.8248040384206,1367.056730722822,0.0,57.35470941883768
57.53507014028057,2380.78893543223,2380.78893543223,1374.3482123405,0.0,57.53507014028058
57.71543086172345,2384.730094452649,2384.730094452649,1381.6521364545692,0.0,57.715430861723476
57.895791583166336,2388.648242045971,2388.648242045971,1388.968430689034,0.0,57.89579158316635
58.076152304609224,2392.5433393865137,2392.5433393865137,1396.2970225453196,0.0,58.076152304609245
58.25651302605211,2396.415347877004,2396.415347877004,1403.6378394029916,0.0,58.256513026052104
58.43687374749499,2400.264229148962,2400.264229148962,1410.9908085204772,0.0,58.43687374749501
58.61723446893788,2404.0899450630777,2404.0899450630777,1418.355857035782,0.0,58.6172344689379
58.79759519038077,2407.8924577095922,2407.8924577095922,1425.7329119672168,0.0,58.797595190380775
58.97795591182365,2411.6717294086734,2411.6717294086734,1433.121900214118,0.0,58.97795591182367
59.15831663326654,2415.427722710786,2415.427722710786,1440.5227485575715,0.0,59.158316633266544
59.338677354709425,2419.1604003970674,2419.1604003970674,1447.9353836611401,0.0,59.338677354709446
59.519038076152306,2422.8697254796907,2422.8697254796907,1455.3597320715887,0.0,59.51903807615231
59.699398797595194,2426.555661202238,2426.555661202238,1462.795720219614,0.0,59.699398797595194
59.87975951903808,2430.2181710400587,2430.2181710400587,1470.2432744205703,0.0,59.879759519038096
60.06012024048097,2433.8572187006343,2433.8572187006343,1477.7023208752034,0.0,60.060120240480984
60.24048096192385,2437.4727681239383,2437.4727681239383,1485.172785670379,0.0,60.24048096192387
60.42084168336674,2441.064783482792,2441.064783482792,1492.654594779818,0.0,60.42084168336675
60.60120240480963,2444.6332291832205,2444.6332291832205,1500.1476740648259,0.0,60.601202404809655
60.78156312625251,2448.178069864805,2448.178069864805,1507.6519492750303,0.0,60.78156312625252
60.961923847695395,2451.699270401034,2451.699270401034,1515.1673460491188,0.0,60.961923847695395
61.14228456913828,2455.196795899651,2455.196795899651,1522.6937899155703,0.0,61.14228456913829
61.322645290581164,2458.6706117029985,2458.6706117029985,1530.2312062933963,0.0,61.32264529058118
61.50300601202405,2462.120683388365,2462.120683388365,1537.779520492882,0.0,61.50300601202408
61.68336673346694,2465.546976768321,2465.546976768321,1545.3386577163214,0.0,61.68336673346696
61.86372745490982,2468.949457891065,2468.949457891065,1552.9085430587609,0.0,61.863727454909835
62.04408817635271,2472.328093040752,2472.328093040752,1560.4891015087446,0.0,62.0440881763527
62.2244488977956,2475.682848737834,2475.682848737834,1568.080257949051,0.0,62.224448897795604
62.404809619238485,2479.013691739387,2479.013691739387,1575.6819371574447,0.0,62.40480961923849
62.585170340681366,2482.3205890394447,2482.3205890394447,1583.2940638074153,0.0,62.58517034068139
62.76553106212425,2485.603507869321,2485.603507869321,1590.9165624689272,0.0,62.76553106212426
62.94589178356714,2488.8624156979395,2488.8624156979395,1598.5493576091685,0.0,62.94589178356714
63.12625250501002,2492.0972802321517,2492.0972802321517,1606.1923735932946,0.0,63.12625250501003
63.30661322645291,2495.3080694170594,2495.3080694170594,1613.845534685183,0.0,63.306613226452924
63.4869739478958,2498.4947514363316,2498.4947514363316,1621.508765048181,0.0,63.48697394789581
63.66733466933868,2501.6572947125196,2501.6572947125196,1629.1819887458548,0.0,63.66733466933868
63.84769539078157,2504.7956679073714,2504.7956679073714,1636.865129742749,0.0,63.84769539078158
64.02805611222445,2507.9098399221393,2507.9098399221393,1644.5581119051321,0.0,64.02805611222448
64.20841683366734,2510.999779897891,2510.999779897891,1652.2608590017585,0.0,64.20841683366737
64.38877755511022,2514.0654572158132,2514.0654572158132,1659.973294704614,0.0,64.38877755511024
64.5691382765531,2517.1068414975166,2517.1068414975166,1667.6953425896843,0.0,64.5691382765531
64.749498997996,2520.1239026053368,2520.1239026053368,1675.426926137704,0.0,64.74949899799599
64.92985971943888,2523.1166106426313,2523.1166106426313,1683.167968734914,0.0,64.92985971943888
65.11022044088178,2526.084935954078,2526.084935954078,1690.9183936738286,0.0,65.11022044088179
65.29058116232466,2529.028849125966,2529.028849125966,1698.678124153987,0.0,65.29058116232466
65.47094188376754,2531.9483209864916,2531.9483209864916,1706.4470832827194,0.0,65.47094188376752
65.65130260521043,2534.8433226060433,2534.8433226060433,1714.2251940759077,0.0,65.65130260521042
65.83166332665331,2537.71382529749,2537.71382529749,1722.0123794587469,0.0,65.83166332665333
66.0120240480962,2540.5598006164655,2540.5598006164655,1729.8085622665126,0.0,66.0120240480962
66.19238476953909,2543.3812203616503,2543.3812203616503,1737.613665245321,0.0,66.19238476953912
66.37274549098197,2546.1780565750496,2546.1780565750496,1745.4276110528967,0.0,66.372745490982
66.55310621242485,2548.9502815422734,2548.9502815422734,1753.2503222593405,0.0,66.55310621242488
66.73346693386775,2551.6978677928078,2551.6978677928078,1761.0817213478936,0.0,66.73346693386776
66.91382765531063,2554.4207881002894,2554.4207881002894,1768.9217307157076,0.0,66.91382765531064
67.09418837675351,2557.119015482775,2557.119015482775,1776.7702726746145,0.0,67.09418837675354
67.2745490981964,2559.7925232030066,2559.7925232030066,1784.6272694518943,0.0,67.27454909819639
67.45490981963928,2562.4412847686795,2562.4412847686795,1792.4926431910453,0.0,67.45490981963927
67.63527054108216,2565.065273932704,2565.065273932704,1800.3663159525581,0.0,67.63527054108215
67.81563126252506,2567.6644646934637,2567.6644646934637,1808.248209714689,0.0,67.8156312625251
67.99599198396794,2570.2388312950734,2570.2388312950734,1816.1382463742252,0.0,67.99599198396797
68.17635270541082,2572.788348227637,2572.788348227637,1824.0363477472692,0.0,68.17635270541082
68.35671342685372,2575.3129902275,2575.3129902275,1831.942435570008,0.0,68.35671342685373
68.5370741482966,2577.8127322774944,2577.8127322774944,1839.8564314994862,0.0,68.53707414829661
68.71743486973948,2580.287549607194,2580.287549607194,1847.7782571143891,0.0,68.71743486973949
68.89779559118237,2582.7374176931544,2582.7374176931544,1855.7078339158145,0.0,68.89779559118236
69.07815631262525,2585.1623122591604,2585.1623122591604,1863.6450833280533,0.0,69.07815631262528
69.25851703406815,2587.5622092764615,2587.5622092764615,1871.5899266993642,0.0,69.25851703406818
69.43887775551103,2589.937084964014,2589.937084964014,1879.5422853027587,0.0,69.43887775551102
69.61923847695391,2592.2869157887167,2592.2869157887167,1887.5020803367781,0.0,69.61923847695394
69.7995991983968,2594.61167846564,2594.61167846564,1895.4692329262732,0.0,69.7995991983968
69.97995991983969,2596.9113499582622,2596.9113499582622,1903.4436641231882,0.0,69.9799599198397
70.16032064128257,2599.1859074786935,2599.1859074786935,1911.4252949073434,0.0,70.1603206412826
70.34068136272546,2601.435328487903,2601.435328487903,1919.4140461872146,0.0,70.34068136272552
70.52104208416834,2603.659590695943,2603.659590695943,1927.4098388007205,0.0,70.52104208416837
70.70140280561122,2605.858672062169,2605.858672062169,1935.4125935160062,0.0,70.70140280561124
70.88176352705412,2608.032550795459,2608.032550795459,1943.4222310322286,0.0,70.8817635270541
71.062124248497,2610.181205354428,2610.181205354428,1951.4386719803383,0.0,71.06212424849699
71.24248496993988,2612.304614447643,2612.304614447643,1959.461836923873,0.0,71.24248496993988
71.42284569138278,2614.4027570338317,2614.4027570338317,1967.4916463597406,0.0,71.42284569138278
71.60320641282566,2616.475612322094,2616.475612322094,1975.5280207190044,0.0,71.60320641282564
71.78356713426854,2618.5231597721063,2618.5231597721063,1983.570880367678,0.0,71.78356713426857
71.96392785571143,2620.5453790943243,2620.5453790943243,1991.6201456075105,0.0,71.96392785571147
72.14428857715431,2622.542250250185,2622.542250250185,1999.6757366767742,0.0,72.1442885771543
72.3246492985972,2624.5137534523074,2624.5137534523074,2007.7375737510602,0.0,72.32464929859717
72.50501002004009,2626.459869164685,2626.459869164685,2015.805576944066,0.0,72.50501002004012
72.68537074148297,2628.38057810288,2628.38057810288,2023.879666308388,0.0,72.685370741483
72.86573146292585,2630.275861234216,2630.275861234216,2031.9597618363127,0.0,72.86573146292585
73.04609218436875,2632.145699777967,2632.145699777967,2040.0457834606111,0.0,73.04609218436877
73.22645290581163,2633.9900752055396,2633.9900752055396,2048.1376510553314,0.0,73.22645290581163
73.40681362725451,2635.8089692406625,2635.8089692406625,2056.235284436592,0.0,73.4068136272545
73.5871743486974,2637.6023638595625,2637.6023638595625,2064.3386033633788,0.0,73.58717434869742
73.76753507014028,2639.3702412911452,2639.3702412911452,2072.447527538336,0.0,73.76753507014027
73.94789579158318,2641.112584017172,2641.112584017172,2080.5619766085683,0.0,73.94789579158324
74.12825651302606,2642.829374772431,2642.829374772431,2088.681870166428,0.0,74.1282565130261
74.30861723446894,2644.520596544911,2644.520596544911,2096.8071277503204,0.0,74.30861723446897
74.48897795591184,2646.1862325759685,2646.1862325759685,2104.937668845498,0.0,74.48897795591188
74.66933867735472,2647.8262663604933,2647.8262663604933,2113.0734128848544,0.0,74.66933867735473
74.8496993987976,2649.440681647074,2649.440681647074,2121.21427924973,0.0,74.84969939879763
75.03006012024049,2651.0294624381577,2651.0294624381577,2129.360187270707,0.0,75.03006012024049
75.21042084168337,2652.592592990208,2652.592592990208,2137.5110562284044,0.0,75.21042084168339
75.39078156312625,2654.1300578138616,2654.1300578138616,2145.666805354287,0.0,75.39078156312631
75.57114228456915,2655.641841674082,2655.641841674082,2153.82735383146,0.0,75.57114228456915
75.75150300601203,2657.127929590312,2657.127929590312,2161.992620795471,0.0,75.75150300601204
75.93186372745491,2658.5883068366174,2658.5883068366174,2170.162525335108,0.0,75.93186372745495
76.1122244488978,2660.0229589418386,2660.0229589418386,2178.3369864932088,0.0,76.11222444889783
76.29258517034069,2661.43187168973,2661.43187168973,2186.515923267457,0.0,76.29258517034071
76.47294589178357,2662.8150311191034,2662.8150311191034,2194.6992546111856,0.0,76.47294589178362
76.65330661322646,2664.1724235239635,2664.1724235239635,2202.886899434182,0.0,76.65330661322649
76.83366733466934,2665.5040354536472,2665.5040354536472,2211.078776603491,0.0,76.83366733466936
77.01402805611222,2666.809853712954,2666.809853712954,2219.274804944216,0.0,77.01402805611225
77.19438877755512,2668.089865362279,2668.089865362279,2227.4749032403292,0.0,77.19438877755518
77.374749498998,2669.3440577177375,2669.3440577177375,2235.6789902354685,0.0,77.37474949899799
77.55511022044088,2670.572418351297,2670.572418351297,2243.8869846337516,0.0,77.5551102204409
77.73547094188378,2671.7749350908935,2671.7749350908935,2252.098805100573,0.0,77.73547094188385
77.91583166332666,2672.9515960205554,2672.9515960205554,2260.3143702634156,0.0,77.91583166332664
78.09619238476955,2674.102389480523,2674.106069461649,2268.5335987126573,0.003679981125969789,78.0961923847696
78.27655310621243,2675.2273040673613,2675.257725831251,2276.7564090023716,0.030421763889535214,78.27655310621246
78.45691382765531,2676.326328634073,2676.4093822008526,2284.9827196511424,0.08305356677965392,78.45691382765534
78.63727454909821,2677.3994522902126,2677.5610385704545,2293.2124491428667,0.16158628024186328,78.63727454909822
78.81763527054109,2678.446664401989,2678.7126949400563,2301.4455159275626,0.26603053806729804,78.81763527054109
78.99799599198397,2679.4679545923764,2679.864351309658,2309.6818384221797,0.396396717281732,78.99799599198397
79.17835671342687,2680.463312741211,2681.01600767926,2317.9213350114055,0.5526949380487167,79.17835671342685
79.35871743486975,2681.4327289852977,2682.1676640488618,2326.1639240484747,0.7349350635640803,79.35871743486972
79.53907815631263,2682.3761937185027,2683.3193204184636,2334.4095238559785,0.9431266999608852,79.53907815631258
79.71943887775552,2683.2936975918524,2684.470976788066,2342.658052726675,1.177279196213476,79.71943887775555
79.8997995991984,2684.1852315136225,2685.6226331576677,2350.909428924295,1.437401644045167,79.89979959919842
80.08016032064128,2685.0507866494318,2686.7742895272695,2359.1635706843563,1.7235028778377455,80.08016032064128
80.26052104208418,2685.890354422326,2687.9259458968713,2367.4203962149722,2.0355914745455266,80.26052104208416
80.44088176352706,2686.703926512867,2689.077602266473,2375.679823697662,2.3736757536062214,80.44088176352705
80.62124248496994,2687.4914948592104,2690.229258636075,2383.9417712881614,2.73776377686454,80.62124248496993
80.80160320641284,2688.25305165719,2691.3809150056773,2392.206157117233,3.1278633484871534,80.80160320641286
80.98196392785572,2688.988589360392,2692.532571375279,2400.4728992914806,3.543982014887206,80.98196392785574
81.1623246492986,2689.6981006802307,2693.684227744881,2408.741915894157,3.9861270646501907,81.16232464929861
81.34268537074149,2690.3815785860215,2694.8358841144827,2417.013124985978,4.454305528461191,81.34268537074149
81.52304609218437,2691.0390163050497,2695.9875404840845,2425.2864446059316,4.948524179034848,81.52304609218437
81.70340681362725,2691.670407322638,2697.1391968536864,2433.561792772094,5.468789531048515,81.70340681362725
81.88376753507015,2692.2757453822105,2698.290853223288,2441.839087482443,6.015107841077679,81.88376753507012
82.06412825651303,2692.855024485355,2699.44250959289,2450.11824671566,6.587485107535031,82.06412825651299
82.24448897795592,2693.408238891883,2700.5941659624923,2458.3991884319585,7.185927070609523,82.24448897795594
82.4248496993988,2693.9353831198864,2701.745822332094,2466.6818305738843,7.8104392122077115,82.4248496993988
82.60521042084169,2694.4364519457904,2702.897478701696,2474.966091067134,8.46102675590555,82.60521042084169
82.78557114228458,2694.9114404044076,2704.0491350712978,2483.2518878213696,9.137694666890184,82.78557114228457
82.96593186372746,2695.360343788985,2705.2007914408996,2491.539138731028,9.840447651914474,82.96593186372745
83.14629258517034,2695.7831576512535,2706.3524478105014,2499.827761676137,10.569290159247885,83.14629258517031
83.32665330661324,2696.179877801467,2707.5041041801037,2508.1176745231296,11.324226378636922,83.32665330661327
83.50701402805612,2696.5505003084495,2708.6557605497055,2516.4087951256556,12.105260241256019,83.50701402805613
83.687374749499,2696.8950214996316,2709.8074169193073,2524.7010413253975,12.912395419675704,83.68737474949901
83.8677354709419,2697.213437961085,2710.959073288909,2532.994330952886,13.745635327823948,83.8677354709419
84.04809619238478,2697.5057465375608,2712.110729658511,2541.288581828307,14.604983120950237,84.04809619238478
84.22845691382766,2697.7719443325154,2713.262386028113,2549.583711762327,15.490441695597383,84.22845691382764
84.40881763527055,2698.0120287081436,2714.4140423977146,2557.8796385568994,16.40201368957105,84.40881763527051
84.58917835671343,2698.225997285404,2715.565698767317,2566.1762800060797,17.339701481912925,84.58917835671348
84.76953907815631,2698.41384794404,2716.7173551369187,2574.473553896845,18.303507192878897,84.76953907815633
84.94989979959921,2698.575578822602,2717.8690115065206,2582.771378009902,19.29343268391858,84.94989979959921
85.13026052104209,2698.711188318469,2719.0206678761224,2591.069670120508,20.309479557653503,85.13026052104209
85.31062124248497,2698.8206750878594,2720.172324245724,2599.3683479992806,21.351649157864813,85.31062124248497
85.49098196392787,2698.904038045848,2721.323980615326,2607.6673294130187,22.419942569477826,85.49098196392784
85.67134268537075,2698.9612763663754,2722.475636984928,2615.966532125507,23.514360618552473,85.67134268537072
85.85170340681363,2698.992389482255,2723.6272933545297,2624.2658738983423,24.634903872274663,85.8517034068136
86.03206412825652,2698.9973770851816,2724.778949724132,2632.565272491743,25.781572638950365,86.03206412825654
86.2124248496994,2698.9762391257327,2725.930606093734,2640.864645665362,26.954366968001068,86.21242484969942
86.3927855711423,2698.9289758133673,2727.0822624633356,2649.163911179106,28.153286649968322,86.3927855711423
86.57314629258518,2698.8555876164264,2728.2339188329374,2657.4629867939484,29.378331216511015,86.57314629258516
86.75350701402806,2698.75607526213,2729.3855752025393,2665.761790272743,30.62949994040946,86.75350701402803
86.93386773547095,2698.630439736563,2730.5372315721415,2674.0602393810423,31.906791835578588,86.933867735471
87.11422845691384,2698.478682284673,2731.6888879417434,2682.358251887909,33.21020565707022,87.11422845691386
87.29458917835672,2698.3008044102544,2732.840544311345,2690.655745566732,34.5397399010908,87.29458917835673
87.47494989979961,2698.096807875933,2733.992200680947,2698.9526381960422,35.895392805014126,87.47494989979961
87.65531062124249,2697.8666947031493,2735.143857050549,2707.2488475603254,37.27716234739955,87.65531062124249
87.83567134268537,2697.61046717214,2736.2955134201507,2715.5442914508394,38.68504624801062,87.83567134268537
88.01603206412827,2697.3281278219133,2737.4471697897525,2723.8388876664267,40.119041967839166,88.01603206412824
88.19639278557115,2697.019679450224,2738.5988261593543,2732.1325540143284,41.57914670913033,88.19639278557112
88.37675350701403,2696.6851251135467,2739.750482528956,2740.425208311001,43.06535741540938,88.37675350701399
88.55711422845692,2696.3244681270457,2740.9021388985584,2748.7167683829302,44.57767077151266,88.55711422845694
88.7374749498998,2695.93771206454,2742.0537952681602,2757.0071520674423,46.11608320362029,88.73747494989982
88.91783567134269,2695.52486075847,2743.205451637762,2765.296277213523,47.68059087929214,88.91783567134269
89.09819639278558,2695.08591829986,2744.357108007364,2773.5840616826295,49.27118970750371,89.09819639278557
89.27855711422846,2694.620889038276,2745.5087643769657,2781.8704233494996,50.88787533868981,89.27855711422843
89.45891783567134,2694.1297775817816,2746.6604207465675,2790.155280102975,52.53064316478594,89.45891783567131
89.63927855711424,2693.612588796896,2747.81207711617,2798.4385498468096,54.19948831927377,89.63927855711427
89.81963927855712,2693.0693278085428,2748.9637334857716,2806.720150500478,55.89440567722886,89.81963927855713
90.0,2692.5,2750.1153898553735,2814.9999999999995,57.61538985537345,90.00000000000001
